<?xml version="1.0" encoding="UTF-8"?>
<project-private xmlns="http://www.netbeans.org/ns/project-private/1">
    <editor-bookmarks xmlns="http://www.netbeans.org/ns/editor-bookmarks/2" lastBookmarkId="0"/>
    <open-files xmlns="http://www.netbeans.org/ns/projectui-open-files/2">
        <group>
            <file>file:/C:/Users/ACER/Documents/NetBeansProjects/ProjectUAP/src/projectuap/Produk.java</file>
            <file>file:/C:/Users/ACER/Documents/NetBeansProjects/ProjectUAP/src/projectuap/Kategori.java</file>
            <file>file:/C:/Users/ACER/Documents/NetBeansProjects/ProjectUAP/src/projectuap/Makanan.java</file>
            <file>file:/C:/Users/ACER/Documents/NetBeansProjects/ProjectUAP/src/projectuap/Penjualan.java</file>
            <file>file:/C:/Users/ACER/Documents/NetBeansProjects/ProjectUAP/src/projectuap/Barang.java</file>
            <file>file:/C:/Users/ACER/Documents/NetBeansProjects/ProjectUAP/src/db/dbHelper.java</file>
            <file>file:/C:/Users/ACER/Documents/NetBeansProjects/ProjectUAP/src/projectuap/ProjectUAP.java</file>
        </group>
    </open-files>
</project-private>
